,product link
1,https://shopee.com.my/2-in-1Kids-Basketball-Hoop-and-Backboard-Set%EF%BC%8C2020-New-Adjustable-Basketball-Stand-Sport-Game-Play-Set-Net-Ball-and-Air-Pump-Inclued-i.149111463.4531639003
2,https://shopee.com.my/Basketball-hoop-Height-Adjustable-Adult-Portable-hoops-M.Dunk-Rebounding-junior-hoops-youth-training-and-backboard-high-grade-PVC-mobile-family-basketball-board-i.187751329.3325190701
3,https://shopee.com.my/Malaysia-Ready-Stock-Molten-GG7X-Fiba-Basketball-New-Official-7-i.74653589.1581183831
4,https://shopee.com.my/Basketball-%F0%9F%8F%80-No-7-%E6%88%90%E4%BA%BA%E8%BF%90%E5%8A%A8%E8%93%9D%E7%90%83-Free-1-Set-Multi-Pum-i.154284668.6554567146
5,https://shopee.com.my/Kids-Mini-Adjusted-Backboard-Hoop-Ring-Net-Basketball-Indoor-Outdoor-Sports-i.89119462.1849764571
6,https://shopee.com.my/Malaysia-Ready-Stock-Molten-GG7X-Fiba-Basketball-New-Official-7-i.74653589.1581183831
7,https://shopee.com.my/Molten-Basketball-GG7X-BG4500-With-A-Needle-100-Original-Ready-Stock-Size-7-i.43710666.712586284
8,https://shopee.com.my/Basketball-%F0%9F%8F%80-No-7-%E6%88%90%E4%BA%BA%E8%BF%90%E5%8A%A8%E8%93%9D%E7%90%83-Free-1-Set-Multi-Pum-i.154284668.6554567146
9,https://shopee.com.my/100-authentic-Li-ning-basketball-size-7-rubber-XDR-i.12876757.1255712262
10,https://shopee.com.my/100-authentic-molten-BG4500-GG7x-fiba-basketball-official-7-i.12876757.96936411
11,https://shopee.com.my/Original-Molten-GT7-Size-7-Basketball-Ball-Indoor-Basketball-Bola-Keranjang-i.74653589.1581165161
12,https://shopee.com.my/Spalding-74-606Y-Size-7-Basketball-Ball-Wear-Resistant-PU-leather-ball-i.128516522.1940816472
13,https://shopee.com.my/Spalding-Tiffany-Basketball-Ball-Size-7-basketball-ball-Indoor-Outdoor-PU-material-Basketball-i.128516522.6733270824
14,https://shopee.com.my/Molten-GG7X-FIBA-Basketball-Ball-Size-7-Bola-Keranjang-Kualiti-i.12413458.2152731832
15,https://shopee.com.my/WILSON-BASKETBALL-SIZE7-(HIGH-QUALITY-RUBBER)-i.142167343.4014575061
16,https://shopee.com.my/%E3%80%90%E2%98%85%E7%8E%B0%E8%B4%A7%E2%98%85%E7%AF%AE%E7%90%83%E3%80%91basketball%E4%BA%94%E5%B9%B4%E8%B4%A8%E4%BF%9D%E6%AD%A3%E5%93%81%E7%9C%9F%E7%9A%AE%E6%89%8B%E6%84%9F%E7%AF%AE%E7%90%83%E7%BF%BB%E6%AF%9B%E8%BD%AF%E7%9A%AE7%E5%8F%B75%E5%8F%B7%E6%88%90%E4%BA%BA%E5%AD%A6%E7%94%9F%E6%B0%B4%E6%B3%A5%E5%9C%B0%E8%B6%85%E7%BA%A4%E7%AF%AE%E7%90%83-i.260342301.7845350580
17,https://shopee.com.my/%F0%9F%92%AF%E3%80%90100-Original%E3%80%91%F0%9F%94%A5Molten-Basketball-Bola-Keranjang%F0%9F%94%A5-(Size-6~7)-i.214753276.5617239237
18,https://shopee.com.my/Spalding-NBA-Highlight-Gold-Basketball-SZ7.-i.118880633.1922866959
19,https://shopee.com.my/Genuine-basketball-refueling-and-wear-resistant%E8%80%90%E7%A3%A8%E7%9C%9F%E7%9A%AE%E6%89%8B%E6%84%9F%E8%BD%AF%E7%9A%AEDIY%E7%AF%AE%E7%90%83%E5%AE%A4%E5%A4%96%E6%B0%B4%E6%B3%A5%E5%9C%B0%E6%88%90%E4%BA%BA7%E5%8F%B7%E4%B8%AD%E5%B0%8F%E5%AD%A6%E7%94%9F%E5%84%BF%E7%AB%A5%E8%93%9D%E7%90%83bolaci.my-i.189494709.6655962238
20,https://shopee.com.my/Molten-B7C1600-FIBA-World-Cup-China-2019-Basketball-Size-7-i.142167343.6626461872
21,https://shopee.com.my/100-Authentic-Molten-mini-Size-1-Basketball-Netball-BG200-SN1MX-i.12876757.4821570963
22,https://shopee.com.my/MOLTEN-RUBBER-BASKETBALL-B5G2000-Size-5-B7G2000-Size-7-free-needle-and-thick-ball-net-i.61049601.3438867128
23,https://shopee.com.my/FIBA-Basketball-Ball-Size-7-Molten-GT7-i.12413458.1638483580
24,https://shopee.com.my/Spalding-NBA-Graffiti-Basketball.-i.118880633.1922843175
25,https://shopee.com.my/Spalding-Size-7-Basketball-Ball-Kobe-black-mamba-forever-Basketball-Outdoor-Match-Training-durable-Basketball-i.128516522.4733271573
26,https://shopee.com.my/%F0%9F%8E%81%F0%9F%94%A5SUPER-SALES%F0%9F%8E%81%F0%9F%94%A5%E2%9C%A8Malaysia-Ready-Stock-100-Authentic-Molten-GG7X-Fiba-Basketball-New-Official-7%E2%9C%A8-i.187773244.4715090678
27,https://shopee.com.my/M'sia-Molten-Gg7x-Fiba-Basketball-New-7-Free-Shipping-i.4118905.1560400990
28,https://shopee.com.my/Spalding-Basketball-Slam-Dunk-Brick-SZ7-i.118880633.1838930415
29,https://shopee.com.my/Molten-GR7-Size-7-Basketball-Ball-Indoor-Basketball-Bola-Keranjang-i.4118905.1560432778
30,https://shopee.com.my/Spalding-(74-606Y)-NBA-Size-7-Basketball-Men's-Basketball-Free-Gift-i.31194826.713117265
31,https://shopee.com.my/original-Spalding-Tiffany-Basketball-Ball-men's-Match-Training-Size-7-basketball-Wear-Resistant-Outdoor-Ball-Free-Inflator-i.128516522.6733271361
32,https://shopee.com.my/Mollten-GG7X-Fiba-Basketball-%E3%80%90Made-in-Thailand%E3%80%91New-Official-Size-7-Bola-keranjang-PU-material-ball-FREE-AirPump-Neddle-i.188235507.4157485921
33,https://shopee.com.my/FIBA-Official-Basketball-Ori-Molten-GP76-Size-7-Basketball-Ball-Bola-keranjang-i.128516522.1940274220
34,https://shopee.com.my/Molten-GG7X-GL7X-GF7X-GM7X-GP7X-GP76-GS7X-GT7-GW7-GG6-FIBA-official-basketball-ball-Size-7-6-5-i.31194826.433771112
35,https://shopee.com.my/Light-Up-Basketball-Glow-in-The-Dark-Basketball-Professional-Luminous-Reflective-Night-Colorful-Basketball-Youth-Basketball-Gift-for-Teenager-i.250274589.6031984490
36,https://shopee.com.my/Molten-Basketball-GG7x-(Original-Limited-Stock)-i.123655140.7508654045
37,https://shopee.com.my/Spalding-Size-7-Basketball-Ball-Kobe-black-mamba-forever-Basketball-Indoor-Outdoor-PU-leather-Basketball-Free-Pump-i.128516522.4933272013
38,https://shopee.com.my/Spalding-NBA-Courtside-Toronto-Raptors-size-7-Basketball-i.142167343.3728507268
39,https://shopee.com.my/100-copy-Molten-GG7X-Fiba-Basketball%E3%80%90Made-in-Thailand%E3%80%91FREE-Air-Pump-Needle-Official-Size-7-Bola-keranjang-PU-material-i.21028035.7945144922
40,https://shopee.com.my/Molten-Basketball-GG7X-Size-7-Bola-keranjang-PU-material-ball-Free-Pump-i.128516522.1940816462
41,https://shopee.com.my/Inflator-bicycle-high-pressure-portable-small-household-electric-motorcycle-battery-car-basketball-tube-inflatable-i.227314046.7360728519
42,https://shopee.com.my/100-size-5-size-7-Authentic-Molten-BG3200-BG3000-Basketball-size-7-i.12876757.7616922961
43,https://shopee.com.my/Shohoku-No.10-SAKURAGI-Basketball-Mesh-Stylish-Jersey-%E7%81%8C%E7%AF%AE%E9%AB%98%E6%89%8B%E6%B9%98%E5%8C%97%E9%AB%98%E4%B8%ADNo.10-%E6%A8%B1%E6%9C%A8%E8%8A%B1%E9%81%93-i.52202580.1649534033
44,https://shopee.com.my/NBA-James-jerseys-Lakers-Kobe-Bryant-jersey-No.-23-No.-24-basketball-clothes-suit-male-i.277293589.6039398089
45,https://shopee.com.my/Spalding-NBA-Silver-Series-Basketball-SZ7.-i.118880633.1922851601
46,https://shopee.com.my/Mitoyos-Kids-Basketball-Stand-Full-Set-Adjustable-Hoop-Board-Basket-Ball-Net-Children-Indoor-Outdoor-Sport-Play-Toy-i.32225010.3970941294
47,https://shopee.com.my/Professional-Basketball-Elite-Socks-Thicken-Towel-Outdoor-Sports-Athletic-Men's-Sports-Non-slip-Socks-i.154842709.2315836630
48,https://shopee.com.my/-Special-Offer-Hot-Sale-Size7-Basketball-Holographic-Reflective-Flash-Basketball-TikTok-Online-Influencer-Luminous-Glow-Fluorescent-Children's-Basketball-Ball-Creative-Gift-i.365608813.7373307580
49,https://shopee.com.my/Basketball-Hoop-3.05m-Height-Adjustable-Adult-Portable-S003-21A-youth-movement-can-lift-the-portable-basketball-stand-adjustable-height-and-backboard-i.187751329.6736519417
50,https://shopee.com.my/ALl-IN-One-Kids-Play-Basketball-Adjustable-Backboard-Stand-Net-Hoop-Children-Toy-Sport-Gift-i.145495214.2847957089
51,https://shopee.com.my/Running-Shorts-Men-Quick-Dry-Fitness-Pants-Outdoor-Pants-Quick-Dry-Pants-for-Sports-Basketball-Football-Water-Sport-i.3374117.2863351772
52,https://shopee.com.my/1-pair-Counter-genuine-stokin-nike-socks-Delivery-within-24-hours-of-the-year-Sports-socks-Casual-socks-White-black-grey-men%E2%80%99s-and-women%E2%80%99s-high-tube-macaron-sports-versatile-color-hook-socks-solid-color-long-tube-tide-socks-basketball-socks-i.317200074.4860492576
53,https://shopee.com.my/Xtep-Jeremy-Lin-ONE-Basketball-Shoes-100-Original-Sports-shoes-Training-shoes-kasut-lelaki-kasut-sukan-Signature-shoes-i.176016217.5877999065
54,https://shopee.com.my/Spalding-Size-7-Basketball-Ball-Kobe-black-mamba-forever-Basketball-Outdoor-Match-Training-durable-Basketball-i.128516522.4733271573
55,https://shopee.com.my/-Ready-Stock-BOSTON-Letter-Print-Basketball-Jersey-i.12618317.6142215951
56,https://shopee.com.my/Spalding-NBA-Silver-Series-Basketball-SZ7.-i.118880633.1922851601
57,https://shopee.com.my/Basketball-Molten-GG7X-FIBA-Approved-100-Authentic-i.221184677.3419420427
58,https://shopee.com.my/NBA-City-Jersey-Set-Brooklyn-Nets-No.11-Irving-No.7-Durant-Basketball-Clothes-for-Men-i.109883455.6114355768
59,https://shopee.com.my/Ori-Spalding-74-604Y-Size-7-NBA-Basketball-Ball-men's-Match-Training-basketball-i.128516522.1940274210
60,https://shopee.com.my/Origian-Molten-GG6X-Size-6-FIBA-Women-Official-Match-Traning-Basketball-i.31194826.2723360237
61,https://shopee.com.my/Men's-basketball-suit%E7%AF%AE%E7%90%83%E6%9C%8D%E7%94%B7%E5%A5%97%E8%A3%85-%E6%B9%96%E4%BA%BA%E8%A9%B9%E5%A7%86%E6%96%AF%E7%A7%91%E6%AF%94%E5%BA%93%E9%87%8C%E6%AC%A7%E6%96%87%E5%93%88%E7%99%BB%E5%AD%97%E6%AF%8D%E5%93%A5%E6%9D%9C%E5%85%B0%E7%89%B9nba%E7%AF%AE%E7%90%83%E8%A1%A3%E2%99%A5%E7%AB%A5%E8%AF%9D%E2%99%A5-i.211764408.7526151287
62,https://shopee.com.my/Authentic-Molten-GG7X-Size-7-Basketball-Ball-FIBA-Official-Indoor-Outdoor-ball-i.128516522.1940274198
63,https://shopee.com.my/Shohoku-SLAM-DUNK-No.11-RUKAWA-Basketball-Mesh-Stylish-Jersey-%E7%81%8C%E7%AF%AE%E9%AB%98%E6%89%8B%E6%B9%98%E5%8C%97%E9%AB%98%E4%B8%ADNo.11-%E6%B5%81%E5%B7%9D%E6%9E%AB-i.52202580.7929480925
64,https://shopee.com.my/Nike-Wrist-Sweat-Bands-Cotton-Wristband-Sweatband-Sport-Basketball-Baseball-Tennis-i.66890722.4545309883
65,https://shopee.com.my/-ReadyStock-100-Original-Molten-GG7X-FIBA-Approved-Composite-Leather-Basketball-i.60609736.2178611334
66,https://shopee.com.my/XP%E2%9D%A41-Pc-Super-Elastic-Unisex-Sport-Basketball-Anti-slip-Compression-Leg-Sleeve-i.79833445.1392199881
67,https://shopee.com.my/Spalding-Basketball-NBA-Player-Stephen-Curry-i.118880633.1838898515
68,https://shopee.com.my/Breathable-Quick-Dry-UV-Protection-Running-Arm-Sleeves-Basketball-Elbow-Pad-Fitness-Armguards-Sports-Cycling-Arm-Warmers-i.155103078.2614095325
69,https://shopee.com.my/Shohoku-SLAM-DUNK-No.-7-MIYAGI-Basketball-Mesh-Stylish-Jersey-%E7%81%8C%E7%AF%AE%E9%AB%98%E6%89%8B%E6%B9%98%E5%8C%97%E9%AB%98%E4%B8%ADNo.7-%E5%AE%AB%E5%9F%8E%E8%89%AF%E7%94%B0-i.52202580.1868841332
70,https://shopee.com.my/1-Pair-Sports-Kneepad-Knitted-Elastic-Breathable-Knee-Guard-Mountain-Climbing-Basketball-Knee-Brace-Patella-Guard-Lutut-Protect-i.333226142.7362132247
71,https://shopee.com.my/Air-Jordan-1-High-AJ1-OG-Velvet-Black-and-White-Panda-Basketball-SneakersCD0461-007-i.41857580.7827117567
72,https://shopee.com.my/NBA-Houston-Rockets-Harden-Jersey-Adult-Basketball-Jersi-Set-i.109883455.2289242728
73,https://shopee.com.my/1-PCS-Adjustable-Knee-Brace-Non-Slip-Compression-Sleeve-Fitness-Basketball-Hiking-Cycling-Knee-Support-i.154817067.7719713750
74,https://shopee.com.my/PCycling-Arm-Sleeves-Non-slip-Ice-Sleeve-Summer-Must-have-Sports-Lycra-Basketball-Armguard-Outdoor-Sports-Cycling-UV-proof-Sleeve-Cycling-Equipment-i.95031801.3937832554
75,https://shopee.com.my/NBA-Chicago-Bulls-Jordan-Jersey-Adult-Basketball-Jersi-Set-i.109883455.2289233617
76,https://shopee.com.my/MOLTEN-Knee-Guard-KG102-KG103-i.81520254.2384795870
77,https://shopee.com.my/CR-Knee-Pad-Support-Honeycomb-Crashproof-Basketball-Knee-Brace-Compression-Leg-Sleeves-Kneepad-i.21222682.2588895383
78,https://shopee.com.my/NBA-Jersey-Brooklyn-Nets-No.11-Irving-No.7-Durant-Basketball-Clothes-i.109883455.7605740664
79,https://shopee.com.my/Sport-Sleeves-Women-Men-UV-Protection-Cycling-Basketball-Running-Bike-Harley-Arms-Sleeves-Quick-Dry-High-Quality-i.65740500.2259715824
80,https://shopee.com.my/Molten-GG6X-Size-6-FIBA-Women-Official-Match-Traning-Basketball-Free-Bag-i.58653748.2739209191
81,https://shopee.com.my/Shohoku-SLAM-DUNK-No.-14-MITSUI-Basketball-Mesh-Stylish-Jersey-%E7%81%8C%E7%AF%AE%E9%AB%98%E6%89%8B%E6%B9%98%E5%8C%97%E9%AB%98%E4%B8%ADNo.14-%E4%B8%89%E4%BA%95%E5%AF%BF-i.52202580.3730018667
82,https://shopee.com.my/Unisex-Ankle-Knitted-Ankle-Outdoor-Cycling-Basketball-Moisture-wicking-Sports-i.38614554.1774031470
83,https://shopee.com.my/Spalding-NBA-Gold-Official-Size-7-Indoor-Outdoor-Basketball-Malaysia-Seller-Ready-Stock--i.214632596.7957659496
84,https://shopee.com.my/Lfashion%E2%9D%A4-Outdoors-Knee-Support-Brace-Sports-Running-Basketball-Gym-Leg-Patella-Guard-i.161274902.2470086115
85,https://shopee.com.my/Official-Wall-Mounted-Basketball-Ring-48cm-Standard-Tournament-size-Heavy-Duty-Basket-Ball-Rim-i.180606221.7826909635
86,https://shopee.com.my/Basketball-SPALDING-NBA-UNDER-ARMOUR-NIKE-Size-7-i.46576151.1687768680
87,https://shopee.com.my/ALLSTAR-Basketball-Posture-Correction-Device-Finger-Training-Shooting-Trainer-i.98600211.2199460715
88,https://shopee.com.my/Molten-GG7X-Basketball-Sz7-FIBA-APPROVED-(Previously-GG7)-Molten-B7G4500-Basketball-Sz7-BG4500-FIBA-APPROVED-GG7X-i.180606221.7706382776
89,https://shopee.com.my/Molten-Basketball-GG7X-Size-7-Bola-keranjang-PU-material-Ball-i.211888600.5154221161
90,https://shopee.com.my/*%E8%BF%90%E5%8A%A8%E6%8A%A4%E8%86%9D%E5%A5%97-%E8%86%9D%E7%9B%96%E4%BF%9D%E6%9A%96%E5%A5%97*%E8%BF%90%E5%8A%A8%E6%8A%A4%E8%86%9D%E8%B7%91%E6%AD%A5%E9%98%B2%E6%BB%91%E6%8A%A4%E8%86%9D%E7%9B%96%E5%8D%8A%E6%9C%88%E6%9D%BF%E8%B6%B3%E7%90%83%E7%99%BB%E5%B1%B1%E7%AF%AE%E7%90%83%E8%AE%AD%E7%BB%83%E7%94%B7%E5%A5%B3%E5%81%A5%E8%BA%AB%E6%B7%B1%E8%B9%B2%E6%8A%A4%E6%BC%86-i.200790079.5045622189
91,https://shopee.com.my/100-Authentic-Molten-Basketball-BG2000-size-5-BG1600-size-7-i.12876757.3904300165
92,https://shopee.com.my/Spalding-NBA-Extreme-Sgt-Camo-Basketball-Blue-Red-i.118880633.1920081088
93,https://shopee.com.my/10Ft-3meter-Height-adjustable-Sport-Portable-Basketball-Stand-Basketball-Hoop-Basketball-Rim-HNZ-sport-i.29934087.424807250
94,https://shopee.com.my/Molten-Basketball-Rubber-Size-7-B7G2010-FIBA-i.141766808.2853315304
95,https://shopee.com.my/Shohoku-Slam-Dunk-Ryonan's-No.-7-Akira-Sendoh-Basketball-Mesh-Stylish-Jersey-%E7%81%8C%E7%AF%AE%E9%AB%98%E6%89%8B%E9%99%B5%E5%8D%97%E9%AB%98%E4%B8%ADNo.7-%E4%BB%99%E9%81%93%E5%BD%B0-i.52202580.3521250827
96,https://shopee.com.my/KIDS-COMFORTABLE-SPORTS-SUIT-SLEEVELESS-SINGLET-SET-BASKETBALL-COMFORTABLE-BAJU-SUKAN-BUDAK-SELESA-MURAH-i.326542699.7976289673
97,https://shopee.com.my/%F0%9F%8F%80Basketball-Fold-Indoor-Big-Shot-Hoops-Shootout-II-Game-for-2-Players-Electronic-Scoreboard-Arcade-System-Wild-Sports-i.30693038.3513833834
98,https://shopee.com.my/Wall-Clock-DIY-Wall-Clock-Peacock-Wall-Clock-JAM-Air-Jordan-Christmas-present-AJ-Basketball-clock-i.238788032.7763741583
99,https://shopee.com.my/Basketball-Finger-Guard-Safe-and-Flexible-Finger-Support-Sleeve-Protector-Prevents-Finger-Puncture-and-Finger-Injury-i.153510997.6909011179
100,https://shopee.com.my/-Ready-Stock-Sports-Basketball-Shoes-2020-i.35249757.7122873367
