,0
0,https://shopee.com.my/Malaysia-Ready-Stock-Molten-GG7X-Fiba-Basketball-New-Official-7-i.74653589.1581183831
1,https://shopee.com.my/Kids-Basketball-140CM-Rack-Indoor-Play-Set-Basketball-Hoops-i.67133888.1619812779
2,https://shopee.com.my/Spalding-74-606Y-Size-7-Basketball-Ball-Wear-Resistant-PU-leather-ball-i.128516522.1940816472
3,https://shopee.com.my/Mitoyos-Kids-Basketball-Stand-Full-Set-Adjustable-Hoop-Board-Basket-Ball-Net-Children-Indoor-Outdoor-Sport-Play-Toy-i.32225010.3970941294
4,https://shopee.com.my/Basketball-Size7-Size-5-Adult-Competition-Junior-High-School-Student-Outdoor-Wear-Resistant5No.-Primary-School-Ball-Children-Blue-Ball-i.365608813.6577393504
5,https://shopee.com.my/Malaysia-Ready-Stock-Molten-GG7X-Fiba-Basketball-New-Official-7-i.74653589.1581183831
6,https://shopee.com.my/Molten-Basketball-GG7X-BG4500-With-A-Needle-100-Original-Ready-Stock-Size-7-i.43710666.712586284
7,https://shopee.com.my/Basketball-%F0%9F%8F%80-No-7-%E6%88%90%E4%BA%BA%E8%BF%90%E5%8A%A8%E8%93%9D%E7%90%83-Free-1-Set-Multi-Pum-i.154284668.6554567146
8,https://shopee.com.my/100-authentic-Li-ning-basketball-size-7-rubber-XDR-i.12876757.1255712262
9,https://shopee.com.my/100-authentic-molten-BG4500-GG7x-fiba-basketball-official-7-i.12876757.96936411
10,https://shopee.com.my/Original-Molten-GT7-Size-7-Basketball-Ball-Indoor-Basketball-Bola-Keranjang-i.74653589.1581165161
11,https://shopee.com.my/Wilson-Molten-Basketball-Premium-Quality-i.262028693.5462287870
12,https://shopee.com.my/Spalding-74-606Y-Size-7-Basketball-Ball-Wear-Resistant-PU-leather-ball-i.128516522.1940816472
13,https://shopee.com.my/Molten-GG7X-FIBA-Basketball-Ball-Size-7-Bola-Keranjang-Kualiti-i.12413458.2152731832
14,https://shopee.com.my/WILSON-BASKETBALL-SIZE7-(HIGH-QUALITY-RUBBER)-i.142167343.4014575061
15,https://shopee.com.my/Spalding-Tiffany-Basketball-Ball-Size-7-basketball-ball-Indoor-Outdoor-PU-material-Basketball-i.128516522.6733270824
16,https://shopee.com.my/%E3%80%90%E2%98%85%E7%8E%B0%E8%B4%A7%E2%98%85%E7%AF%AE%E7%90%83%E3%80%91basketball%E4%BA%94%E5%B9%B4%E8%B4%A8%E4%BF%9D%E6%AD%A3%E5%93%81%E7%9C%9F%E7%9A%AE%E6%89%8B%E6%84%9F%E7%AF%AE%E7%90%83%E7%BF%BB%E6%AF%9B%E8%BD%AF%E7%9A%AE7%E5%8F%B75%E5%8F%B7%E6%88%90%E4%BA%BA%E5%AD%A6%E7%94%9F%E6%B0%B4%E6%B3%A5%E5%9C%B0%E8%B6%85%E7%BA%A4%E7%AF%AE%E7%90%83-i.260342301.7845350580
17,https://shopee.com.my/Spalding-Size-7-Basketball-Ball-Kobe-black-mamba-forever-Basketball-Outdoor-Match-Training-durable-Basketball-i.128516522.4733271573
18,https://shopee.com.my/Genuine-basketball-refueling-and-wear-resistant%E8%80%90%E7%A3%A8%E7%9C%9F%E7%9A%AE%E6%89%8B%E6%84%9F%E8%BD%AF%E7%9A%AEDIY%E7%AF%AE%E7%90%83%E5%AE%A4%E5%A4%96%E6%B0%B4%E6%B3%A5%E5%9C%B0%E6%88%90%E4%BA%BA7%E5%8F%B7%E4%B8%AD%E5%B0%8F%E5%AD%A6%E7%94%9F%E5%84%BF%E7%AB%A5%E8%93%9D%E7%90%83bolaci.my-i.189494709.6655962238
19,https://shopee.com.my/FIBA-Basketball-Ball-Size-7-Molten-GT7-i.12413458.1638483580
20,https://shopee.com.my/Molten-B7C1600-FIBA-World-Cup-China-2019-Basketball-Size-7-i.142167343.6626461872
21,https://shopee.com.my/%F0%9F%92%AF%E3%80%90100-Original%E3%80%91%F0%9F%94%A5Molten-Basketball-Bola-Keranjang%F0%9F%94%A5-(Size-6~7)-i.214753276.5617239237
22,https://shopee.com.my/MOLTEN-RUBBER-BASKETBALL-B5G2000-Size-5-B7G2000-Size-7-free-needle-and-thick-ball-net-i.61049601.3438867128
23,https://shopee.com.my/Spalding-NBA-Silver-Series-Basketball-SZ7.-i.118880633.1922851601
24,https://shopee.com.my/100-Authentic-Molten-mini-Size-1-Basketball-Netball-BG200-SN1MX-i.12876757.4821570963
25,https://shopee.com.my/100-copy-Molten-GG7X-Fiba-Basketball-New-Official-Size-7-Bola-keranjang-PU-material-ball-Free-AirPump-Neddle-i.21028035.7945144922
26,https://shopee.com.my/Spalding-(74-606Y)-NBA-Size-7-Basketball-Men's-Basketball-Free-Gift-i.31194826.713117265
27,https://shopee.com.my/%F0%9F%8E%81%F0%9F%94%A5SUPER-SALES%F0%9F%8E%81%F0%9F%94%A5%E2%9C%A8Malaysia-Ready-Stock-100-Authentic-Molten-GG7X-Fiba-Basketball-New-Official-7%E2%9C%A8-i.187773244.4715090678
28,https://shopee.com.my/M'sia-Molten-Gg7x-Fiba-Basketball-New-7-Free-Shipping-i.4118905.1560400990
29,https://shopee.com.my/Spalding-Size-7-Basketball-Ball-Kobe-black-mamba-forever-Basketball-Indoor-Outdoor-PU-leather-Basketball-Free-Pump-i.128516522.4933272013
30,https://shopee.com.my/Molten-GG7X-GL7X-GF7X-GM7X-GP7X-GP76-GS7X-GT7-GW7-GG6-FIBA-official-basketball-ball-Size-7-6-5-i.31194826.433771112
31,https://shopee.com.my/Mollten-GG7X-Fiba-Basketball-New-Official-Size-7-Bola-keranjang-PU-material-ball-Free-AirPump-Neddle-i.188235507.4157485921
32,https://shopee.com.my/Light-Up-Basketball-Glow-in-The-Dark-Basketball-Professional-Luminous-Reflective-Night-Colorful-Basketball-Youth-Basketball-Gift-for-Teenager-i.250274589.6031984490
33,https://shopee.com.my/Molten-GR7-Size-7-Basketball-Ball-Indoor-Basketball-Bola-Keranjang-i.4118905.1560432778
34,https://shopee.com.my/Molten-Basketball-GG7x-(Original-Limited-Stock)-i.123655140.7508654045
35,https://shopee.com.my/FIBA-Official-Basketball-Ori-Molten-GP76-Size-7-Basketball-Ball-Bola-keranjang-i.128516522.1940274220
36,https://shopee.com.my/CROSSWAY-BASKETBALL-BALL-ALL-STAR-BALL-OFFICIAL-SIZE-PROFESSIONAL-INDOOR-AND-OUTDOOR-TRAINING-COMPETITION-UNIVERSAL-BALL-i.183683107.3355170625
37,https://shopee.com.my/Molten-Basketball-GG7X-Size-7-Bola-keranjang-PU-material-ball-Free-Pump-i.128516522.1940816462
38,https://shopee.com.my/NBA-James-jerseys-Lakers-Kobe-Bryant-jersey-No.-23-No.-24-basketball-clothes-suit-male-i.277293589.6039398089
39,https://shopee.com.my/NBA-City-Jersey-Set-Brooklyn-Nets-No.11-Irving-No.7-Durant-Basketball-Clothes-for-Men-i.109883455.6114355768
40,https://shopee.com.my/%E3%80%90READY-STOCK-AT-MALAYSIA%E3%80%91Nike-Wrist-Sweat-Bands-Cotton-Wristband-Sweatband-Sport-Basketball-Baseball-Tennis-i.281311818.3861482247
41,https://shopee.com.my/Shohoku-No.10-SAKURAGI-Basketball-Mesh-Stylish-Jersey-%E7%81%8C%E7%AF%AE%E9%AB%98%E6%89%8B%E6%B9%98%E5%8C%97%E9%AB%98%E4%B8%ADNo.10-%E6%A8%B1%E6%9C%A8%E8%8A%B1%E9%81%93-i.52202580.1649534033
42,https://shopee.com.my/Basketball-Molten-GG7X-FIBA-Approved-100-Authentic-i.221184677.3419420427
43,https://shopee.com.my/Origian-Molten-GG6X-Size-6-FIBA-Women-Official-Match-Traning-Basketball-i.31194826.2723360237
44,https://shopee.com.my/Authentic-Molten-GG7X-Size-7-Basketball-Ball-FIBA-Official-Indoor-Outdoor-ball-i.128516522.1940274198
45,https://shopee.com.my/Mini-Basketball-Hoop-With-Ball-18-inch-x12-inch-Backboard-i.60326103.1104237627
46,https://shopee.com.my/Xtep-Jeremy-Lin-Basketball-Shoes-Original-Breathable-Resilience-Sneakers-Men-Kasut-Sukan-Lightweight-Sports-Shoes-i.176016217.7470608605
47,https://shopee.com.my/-Special-Offer-Hot-Sale-Size7-Basketball-Holographic-Reflective-Flash-Basketball-TikTok-Online-Influencer-Luminous-Glow-Fluorescent-Children's-Basketball-Ball-Creative-Gift-i.365608813.7373307580
48,https://shopee.com.my/Kids-3-in-1-Basketball-Set-Basketball-Stand-Soccer-Door-Ring-Toss-i.9385460.5458976672
49,https://shopee.com.my/%E3%80%90%E2%98%85%E7%8E%B0%E8%B4%A7%E2%98%85%E7%AF%AE%E7%90%83%E3%80%91basketball%E4%BA%94%E5%B9%B4%E8%B4%A8%E4%BF%9D%E6%AD%A3%E5%93%81%E7%9C%9F%E7%9A%AE%E6%89%8B%E6%84%9F%E7%AF%AE%E7%90%83%E7%BF%BB%E6%AF%9B%E8%BD%AF%E7%9A%AE7%E5%8F%B75%E5%8F%B7%E6%88%90%E4%BA%BA%E5%AD%A6%E7%94%9F%E6%B0%B4%E6%B3%A5%E5%9C%B0%E8%B6%85%E7%BA%A4%E7%AF%AE%E7%90%83-i.260342301.7845350580
